<?xml version="1.0" encoding="UTF-8"?>
<project xmlns="http://www.netbeans.org/ns/project/1">
    <type>org.netbeans.modules.apisupport.project</type>
    <configuration>
        <data xmlns="http://www.netbeans.org/ns/nb-module-project/3">
            <code-name-base>com.willwinder.ugs.nbp.lib</code-name-base>
            <suite-component/>
            <module-dependencies>
                <dependency>
                    <code-name-base>org.netbeans.modules.options.api</code-name-base>
                    <build-prerequisite/>
                    <compile-dependency/>
                    <run-dependency>
                        <release-version>1</release-version>
                        <specification-version>1.44.1</specification-version>
                    </run-dependency>
                </dependency>
                <dependency>
                    <code-name-base>org.openide.awt</code-name-base>
                    <build-prerequisite/>
                    <compile-dependency/>
                    <run-dependency>
                        <specification-version>7.65.1</specification-version>
                    </run-dependency>
                </dependency>
                <dependency>
                    <code-name-base>org.openide.filesystems</code-name-base>
                    <build-prerequisite/>
                    <compile-dependency/>
                    <run-dependency>
                        <specification-version>9.8.1</specification-version>
                    </run-dependency>
                </dependency>
                <dependency>
                    <code-name-base>org.openide.util</code-name-base>
                    <build-prerequisite/>
                    <compile-dependency/>
                    <run-dependency>
                        <specification-version>9.5.1</specification-version>
                    </run-dependency>
                </dependency>
                <dependency>
                    <code-name-base>org.openide.util.lookup</code-name-base>
                    <build-prerequisite/>
                    <compile-dependency/>
                    <run-dependency>
                        <specification-version>8.32.1</specification-version>
                    </run-dependency>
                </dependency>
                <dependency>
                    <code-name-base>org.openide.util.ui</code-name-base>
                    <build-prerequisite/>
                    <compile-dependency/>
                    <run-dependency>
                        <specification-version>9.4.1</specification-version>
                    </run-dependency>
                </dependency>
            </module-dependencies>
            <public-packages>
                <package>com.google.common.annotations</package>
                <package>com.google.common.base</package>
                <package>com.google.common.base.internal</package>
                <package>com.google.common.cache</package>
                <package>com.google.common.collect</package>
                <package>com.google.common.escape</package>
                <package>com.google.common.eventbus</package>
                <package>com.google.common.hash</package>
                <package>com.google.common.html</package>
                <package>com.google.common.io</package>
                <package>com.google.common.math</package>
                <package>com.google.common.net</package>
                <package>com.google.common.primitives</package>
                <package>com.google.common.reflect</package>
                <package>com.google.common.util.concurrent</package>
                <package>com.google.common.xml</package>
                <package>com.google.gson</package>
                <package>com.google.gson.annotations</package>
                <package>com.google.gson.internal</package>
                <package>com.google.gson.internal.bind</package>
                <package>com.google.gson.reflect</package>
                <package>com.google.gson.stream</package>
                <package>com.jogamp.common</package>
                <package>com.jogamp.common.jvm</package>
                <package>com.jogamp.common.net</package>
                <package>com.jogamp.common.net.asset</package>
                <package>com.jogamp.common.nio</package>
                <package>com.jogamp.common.os</package>
                <package>com.jogamp.common.type</package>
                <package>com.jogamp.common.util</package>
                <package>com.jogamp.common.util.awt</package>
                <package>com.jogamp.common.util.cache</package>
                <package>com.jogamp.common.util.locks</package>
                <package>com.jogamp.gluegen.runtime</package>
                <package>com.jogamp.gluegen.runtime.opengl</package>
                <package>com.jogamp.graph.curve</package>
                <package>com.jogamp.graph.curve.opengl</package>
                <package>com.jogamp.graph.curve.tess</package>
                <package>com.jogamp.graph.font</package>
                <package>com.jogamp.graph.geom</package>
                <package>com.jogamp.nativewindow</package>
                <package>com.jogamp.nativewindow.awt</package>
                <package>com.jogamp.nativewindow.egl</package>
                <package>com.jogamp.nativewindow.macosx</package>
                <package>com.jogamp.nativewindow.swt</package>
                <package>com.jogamp.nativewindow.util</package>
                <package>com.jogamp.nativewindow.windows</package>
                <package>com.jogamp.nativewindow.x11</package>
                <package>com.jogamp.newt</package>
                <package>com.jogamp.newt.awt</package>
                <package>com.jogamp.newt.awt.applet</package>
                <package>com.jogamp.newt.event</package>
                <package>com.jogamp.newt.event.awt</package>
                <package>com.jogamp.newt.opengl</package>
                <package>com.jogamp.newt.opengl.util</package>
                <package>com.jogamp.newt.opengl.util.stereo</package>
                <package>com.jogamp.newt.swt</package>
                <package>com.jogamp.newt.util</package>
                <package>com.jogamp.newt.util.applet</package>
                <package>com.jogamp.opengl</package>
                <package>com.jogamp.opengl.awt</package>
                <package>com.jogamp.opengl.egl</package>
                <package>com.jogamp.opengl.fixedfunc</package>
                <package>com.jogamp.opengl.glu</package>
                <package>com.jogamp.opengl.glu.gl2</package>
                <package>com.jogamp.opengl.glu.gl2es1</package>
                <package>com.jogamp.opengl.math</package>
                <package>com.jogamp.opengl.math.geom</package>
                <package>com.jogamp.opengl.swt</package>
                <package>com.jogamp.opengl.util</package>
                <package>com.jogamp.opengl.util.av</package>
                <package>com.jogamp.opengl.util.awt</package>
                <package>com.jogamp.opengl.util.gl2</package>
                <package>com.jogamp.opengl.util.glsl</package>
                <package>com.jogamp.opengl.util.glsl.fixedfunc</package>
                <package>com.jogamp.opengl.util.glsl.sdk</package>
                <package>com.jogamp.opengl.util.packrect</package>
                <package>com.jogamp.opengl.util.stereo</package>
                <package>com.jogamp.opengl.util.stereo.generic</package>
                <package>com.jogamp.opengl.util.texture</package>
                <package>com.jogamp.opengl.util.texture.awt</package>
                <package>com.jogamp.opengl.util.texture.spi</package>
                <package>com.jogamp.opengl.util.texture.spi.awt</package>
                <package>com.willwinder.ugs.nbp.lib.eventbus</package>
                <package>com.willwinder.ugs.nbp.lib.options</package>
                <package>com.willwinder.ugs.nbp.lib.services</package>
                <package>com.willwinder.universalgcodesender</package>
                <package>com.willwinder.universalgcodesender.CLI</package>
                <package>com.willwinder.universalgcodesender.connection</package>
                <package>com.willwinder.universalgcodesender.gcode</package>
                <package>com.willwinder.universalgcodesender.i18n</package>
                <package>com.willwinder.universalgcodesender.listeners</package>
                <package>com.willwinder.universalgcodesender.model</package>
                <package>com.willwinder.universalgcodesender.pendantui</package>
                <package>com.willwinder.universalgcodesender.types</package>
                <package>com.willwinder.universalgcodesender.uielements</package>
                <package>com.willwinder.universalgcodesender.utils</package>
                <package>com.willwinder.universalgcodesender.visualizer</package>
                <package>javax.vecmath</package>
                <package>jssc</package>
                <package>net.miginfocom.layout</package>
                <package>net.miginfocom.swing</package>
                <package>net.miginfocom.swt</package>
            </public-packages>
            <class-path-extension>
                <runtime-relative-path>ext/ugs/Universal G-Code Sender.jar</runtime-relative-path>
                <binary-origin>release/modules/ext/ugs/Universal G-Code Sender.jar</binary-origin>
            </class-path-extension>
            <class-path-extension>
                <runtime-relative-path>ext/vecmath.jar</runtime-relative-path>
                <binary-origin>release/modules/ext/vecmath.jar</binary-origin>
            </class-path-extension>
            <class-path-extension>
                <runtime-relative-path>ext/gson-2.2.4.jar</runtime-relative-path>
                <binary-origin>release/modules/ext/gson-2.2.4.jar</binary-origin>
            </class-path-extension>
        </data>
    </configuration>
</project>
