<?xml version="1.0" encoding="UTF-8"?>
<!DOCTYPE filesystem PUBLIC "-//NetBeans//DTD Filesystem 1.2//EN" "http://www.netbeans.org/dtds/filesystem-1_2.dtd">
<filesystem>
    <folder name="Menu">
        <folder name="File">
            <file name="org-openide-actions-SaveAllAction.shadow_hidden"/>
        </folder>
        <!--
        <folder name="Machine">
            <folder name="Jog"/>
            <folder name="Actions"/>
            <folder name="Macros"/>
            <attr name="position" intvalue="20001"/>
            <attr name="displayName" bundlevalue="resources.MessagesBundle#platform.menu.machine"/>
        </folder>
        -->
        <folder name="Tools">
            <file name="Separator1.instance_hidden"/>
            <file name="Separator2.instance_hidden"/>
            <file name="org-netbeans-modules-options-OptionsWindowAction-separatorBefore.instance_hidden"/>
            <file name="org-openide-actions-ToolsAction.shadow_hidden"/>
        </folder>
        <folder name="Window">
            <folder name="Classic">
                <attr name="position" intvalue="20001"/>
            </folder>
            <folder name="Plugins">
                <attr name="position" intvalue="20002"/>
            </folder>
            <file name="Web_hidden"/>
            <file name="Tools_hidden"/>
            <file name="ConfigureWindow_hidden"/>

            <file name="Separator4.instance_hidden"/>
            <file name="SwitchToRecentDocumentAction.shadow_hidden"/>
            <file name="CloseAllButThisAction.shadow_hidden"/>
            <file name="CloseAllDocumentsAction.shadow_hidden"/>
            <file name="CloseWindowAction.shadow_hidden"/>
            <file name="DocumentsAction.shadow_hidden"/>
            <file name="GroupsMenuAction.shadow_hidden"/>
        </folder>
    </folder>
    <folder name="Toolbars">
        <folder name="File_hidden"/>
        <folder name="UndoRedo_hidden"/>
    </folder>
</filesystem>
